{
  "controller/App.controller.js.map": 1696108254764,
  "manifest.json": 1696108254600,
  "controller/Main.controller.js.map": 1696108254764,
  "controller/Main.controller.js": 1696108254567,
  "model/models.js.map": 1696108254767,
  "model/models.js": 1696108254578,
  "i18n/i18n.properties": 1696102523111,
  "controller/App.controller.js": 1696108254584,
  "Component.js.map": 1696108254773,
  "Component.js": 1696108254592,
  "controller/Main-dbg.controller.js": 1696108254567,
  "model/models-dbg.js": 1696108254578,
  "controller/App-dbg.controller.js": 1696108254584,
  "Component-dbg.js": 1696108254592,
  "Component-preload.js": 1696108254856,
  "Component-preload.js.map": 1696108254856,
  "view/Main.view.xml": 1696102855402,
  "view/App.view.xml": 1696102523131,
  "model/models.ts": 1696102523123,
  "css/style.css": 1696102523127,
  "controller/Main.controller.ts": 1696102523131,
  "controller/App.controller.ts": 1696102523127,
  "index.html": 1696102523111,
  "Component.ts": 1696102523123
}